# The texts this code is measured against, kept in docs/ of this repository:
# the path of each in docs/, its SHA-256, and the version of the texts it
# belongs to, separated by tabs. A test of this folder fails while a text in
# docs/ differs from its pin. A text changes in docs/ by a ruling; this code
# takes the new version up by changing this file, with the obligations and
# the code the new version asks for, in one change.
رساله.md	edd84105979f53ef83d00e88bcd1e8dbc5c489c3a8bef31375af195e3bc9ba64	1.0.0
without-consensus.md	d4899a227013bf3ede028decb8d65f718877908761439732bd37b195823c2a16	1.0.0
conformance.md	f00f7faa7655b95a753024e2cbdae85d78740c06226ce66d24fc127869364feb	1.0.0
contracts/v1.md	dffce759e2584a627fa2b3edd38cd887668692d658e25a0c5c7455427a305797	1.0.0
